Produto,Preço
"Hyundai HB20 C.style/c.plus 1.6 Flex 16V Aut. 2017","R$ 62.900"
"Fiat Palio Weekend Adventure Locker 1.8 Flex 2013","R$ 19.900"
"Chevrolet Tracker LTZ 1.0 Turbo 12V Flex AUT 2024","R$ 107.900"
"Volkswagen Spacefox Sportline/highline 1.6 T.flex 2013","R$ 14.900"
"11-180 DELIVERY PRIME NO CHASSI","R$ 324.900"
"Nissan Versa SL 1.6 16V Flexstart 4P Mec. 2016","R$ 41.900"
"Renault Kwid Outsider 1.0 Flex 12V 5P Mec. 2023","R$ 56.900"
"Chevrolet Spin LT 1.8 8V Econo.flex 5P Mec. 2014","R$ 35.000"
"Fiat Uno Mille 1.0 Fire/ F.flex/ Economy 4P 2007","R$ 17.600"
"Chevrolet Spin LT 1.8 8V Econo.flex 5P Aut. 2016","R$ 42.900"
"Chevrolet Tracker LT 1.0 Turbo 12V Flex AUT 2022","R$ 91.900"
"Fiat Idea Attractive 1.4 Fire Flex 8V 5P 2016","R$ 44.990"
"Nissan Versa SL 1.6 16V Flexstart 4P Mec. 2016","R$ 40.900"
"Nissan Versa SL 1.6 16V Flexstart 4P Mec. 2016","R$ 43.500"
"Mercedes-Benz C-180 CGI Sport 1.6 TB 16V 156cv Aut. 2014","R$ 73.900"
"Volkswagen Polo 1.6 MSI Flex 16V 5P 2018","R$ 62.900"
"Jeep Commander Limited T270 1.3 TB Flex AUT 2023","R$ 155.900"
"Volkswagen Polo 1.6 MSI Flex 16V 5P 2018","R$ 62.900"
"Honda Civic Sedan LXR 2.0 Flexone 16V Aut. 4P 2014","R$ 62.000"
"Citroen Aircross GLX 1.6 Flex 16V 5P Mec. 2011","R$ 17.900"
"Renault Kwid 1.0 Zen 2022","R$ 46.900"
"Fiat Palio Weekend Adventure Locker 1.8 Flex 2010","R$ 32.900"
"Mercedes-Benz GLA 200 Enduro 1.6 TB 16V Flex Aut. 2019","R$ 139.900"
"Fiat Palio Weekend Adventure Locker 1.8 Flex 2014","R$ 59.900"
"Renault Kwid Outsider 1.0 Flex 12V 5P Mec. 2023","R$ 54.900"
"Fiat Palio Week. Adv/adv Tryon 1.8 MPI Flex 2011","R$ 39.900"
"Renault Kwid Outsider 1.0 Flex 12V 5P Mec. 2024","R$ 58.900"
"Volkswagen Fox 1.0 MI Total Flex 8V 5P 2013","R$ 35.900"
"Toyota Yaris XL Plus Con. 1.5 Flex 16V 5P AUT 2022","R$ 89.900"
"Chevrolet Celta Spirit/ LT 1.0 MPFI 8V Flexp. 5P 2013","R$ 32.900"
"Renault Duster Oroch Express 1.6 Flex 16V Mec. 2020","R$ 77.999"
"Volkswagen Spacefox 1.6/ 1.6 Trend Total Flex 8V 5P 2012","R$ 37.200"
"Renault Kwid Outsider 1.0 Flex 12V 5P Mec. 2025","R$ 66.900"
"Volkswagen Gol Geração VI Highline 1.6 8V Total Flex Mec. 4P 2014","R$ 42.900"
"Citroen C4 Cactus Shine 1.6 16V Flex Aut. 2024","R$ 104.999"
"Chevrolet Spin Premier 1.8 8V Econo.flex 5P Aut. 2023","R$ 19.900"
"Jeep Compass Long. T270 1.3 TB 4X2 Flex AUT 2024","R$ 138.900"
"Volkswagen Gol Geração VI Track 1.0 8V MI Total Flex Mec. 4P 2014","R$ 39.490"
"BMW 320I A Modern/sport TB 2.0/a.flex 16V 4P 2020","R$ 169.900"
"Chevrolet Meriva JOY 1.8 MPFI 8V Flexpower 2007","R$ 16.000"
"Ram Rampage R/T Hurric. 4 2.0 TB CD 4X4 Aut. 2024","R$ 209.999"
"Fiat Toro Volcano 2.0 16V 4X4 TB Diesel Aut. 2024","R$ 149.900"
"Chevrolet Tracker LTZ 1.0 Turbo 12V Flex AUT 2022","R$ 93.900"
"Volkswagen Spacefox 1.6/ 1.6 Trend Total Flex 8V 5P 2013","R$ 42.800"
"Hyundai HB20 Platinum Plus 1.0 TB Flex 12V AUT 2023","R$ 97.999"
"Chevrolet Spin Advantage 1.8 8V Econo.flex 5P Aut. 2015","R$ 43.900"
"CG start 160","R$ 15.900"
"Nissan Sentra S 2.0/ 2.0 Flex Fuel 16V Aut. 2008","R$ 15.000"
"Honda CR-V LX 2.0 16V 2wd/2.0 Flexone Aut. 2011","R$ 59.999"
"Fiat Palio Weekend Adventure Locker 1.8 Flex 2011","R$ 35.500"
"Troco por carro e outros","R$ 11.500"
"Renault Kwid Zen 1.0 Flex 12V 5P Mec. 2020","R$ 35.000"
"SUZUKI GSX S 1000 GX 2027 COMPLETA LANÇAMENTO","R$ 101.990"
"Fiat Grand Siena Attrac. 1.4 EVO F.flex 8V 2015","R$ 38.000"
"Nissan Kicks RIO 2016 1.6 16V Flexstar 5P Aut. 2017","R$ 84.999"
"Volkswagen Parati Glsi 2.0 / GLS/ Surf 1.8 (álcool) 1996","R$ 13.900"
"Jeep Compass Long. T270 1.3 TB 4X2 Flex AUT 2024","R$ 138.900"
"Ford Focus Fastback Se/se Plus 2.0 Flex Aut. 2018","R$ 60.900"
"Renault Kwid 1.0 Zen 2023","R$ 52.990"
"Honda CR-V EXL 2.0 16V 4wd/2.0 Flexone Aut. 2012","R$ 80.500"
"Harley vrod nigth 2014","R$ 58.000"
"Nissan Livina Grand S 1.8 16V Flex Fuel Mec. 2012","R$ 22.000"
"Honda Fit LX 1.4/ 1.4 Flex 8v/16v 5P Aut. 2011","R$ 44.900"
"Volvo XC40 T-5 Momentum 2.0 252cv AWD 2018","R$ 130.000"
"Toyota Hilux SW4 SRX Plat. 4X4 2.8 TB Die. Aut. 2026","R$ 399.900"
"Toyota Hilux CD SRV D4-d 4X4 3.0 TDI Diesel AUT 2008","R$ 110.800"
"Hyundai Veloster 1.6 16V 140cv Aut. 2012","R$ 62.900"
"Volkswagen Golf GTI 1.8 MI 180/193cv Turbo 4P Mec. 2008","R$ 75.900"
"Ford Fiesta 1.6 8V Flex/class 1.6 8V Flex 5P 2009","R$ 20.000"
"Toyota Hilux SW4 SRV D4-d 4X4 3.0 TDI Dies. AUT 2006","R$ 85.900"
"Fiat Pulse Drive 1.3 8V Flex Aut. 2024","R$ 92.500"
"Volkswagen Saveiro 1.6 MI/ 1.6mi City Total Flex 8V 2009","R$ 29.999"
"Land Rover Range Rover Velar R-DYN. SE 3.0 4X4 V6 Aut. 2021","R$ 349.900"
"Fiat Marea Weekend ELX 1.8 MPI 16V 132cv 4P 2005","R$ 19.900"
"YAMAHA XTZ 250 LANDER 2024","R$ 28.900"
"Peugeot 307 Soleil/ Presence 1.6/1.6 Flex 16V 5P 2009","R$ 22.900"
"Jeep Compass Limited TD 350 2.0 4X4 Die. AUT 2023","R$ 144.900"
"Chevrolet Cruze LT 1.8 16V Flexpower 4P Mec. 2012","R$ 52.990"
"Volkswagen Amarok Highline CD 2.0 16V TDI 4X4 Dies. 2020","R$ 141.900"
"CRF 250R - parcelo em até 21x no cartao","R$ 15.500"
"DAF XF 460 6x2 Ano 2016 Automático Ar Condicionado puxava Tanque de Combustível","R$ 229.900"
"Chevrolet S10 Pick-up LT 2.4 F.power 4X2 CD 2013","R$ 78.900"
"Carreta Sr 4 Eixo Graneleiro Randon Ano 2025/2025 14 Mts","R$ 188.000"
"Nissan Frontier LE Attack CD 4X4 2.5 TB Die.aut 2012","R$ 80.900"
"Fiat Argo HGT 1.8 16V Flex Aut. 2021","R$ 79.900"
"Ford Focus 2.0 16v/ 2.0 16V Flex 5P 2016","R$ 67.900"
"Carreta Sr Baú Sider Palmeira ano 2023/2024 30 Paletes Bau","R$ 145.000"
"Volkswagen Voyage Comf/highli. 1.6 MI T.flex 8V 4P 2017","R$ 48.000"
"Carreta Porta Container Facchini 2026 40 Pés Com 12 Locks","R$ 125.000"
"Volvo 850 GLT 2.5 20V 1995","R$ 34.000"
"Fiat Pulse Impetus 1.0 Turbo 200 Flex Aut. 2024","R$ 112.900"
"Honda Civic Sedan EX 2.0 Flex 16V Aut.4p 2017","R$ 106.900"
"BMW 320I 320i 2021","R$ 219.900"
"Nissan Frontier Pro4x CD 4X4 2.3 Bi-TB Die. AUT 2023","R$ 199.900"
"Ford Ranger XLS 3.0 PSE 163cv 4X4 CD TB Dies. 2006","R$ 48.900"
"Jeep Compass Long. T270 1.3 TB 4X2 Flex AUT 2023","R$ 132.900"
